1,test address0,test age0,test name0
2,test address1,test age1,test name0
3,test address2,test age2,test name0
4,test address3,test age3,test name0
5,test address4,test age4,test name0
6,test address5,test age5,test name5
7,test address6,test age6,test name6
8,test address7,test age7,test name7
9,test address8,test age8,test name8
10,test address9,test age9,test name9
11,test address10,test age10,test name10
12,test address11,test age11,test name11
13,test address12,test age12,test name12
14,test address13,test age13,test name13
15,test address14,test age14,test name14
16,test address15,test age15,test name15
17,test address16,test age16,test name16
18,test address17,test age17,test name17
19,test address18,test age18,test name18
20,test address19,test age19,test name19
21,test address20,test age20,test name20
22,test address21,test age21,test name21
23,test address22,test age22,test name22
24,test address23,test age23,test name23
25,test address24,test age24,test name24
26,test address25,test age25,test name25
27,test address26,test age26,test name26
28,test address27,test age27,test name27
29,test address28,test age28,test name28
30,test address29,test age29,test name29
31,test address30,test age30,test name30
32,test address31,test age31,test name31
33,test address32,test age32,test name32
34,test address33,test age33,test name33
35,test address34,test age34,test name34
36,test address35,test age35,test name35
37,test address36,test age36,test name36
38,test address37,test age37,test name37
39,test address38,test age38,test name38
40,test address39,test age39,test name39
41,test address40,test age40,test name0
42,test address41,test age41,test name0
43,test address42,test age42,test name42
44,test address43,test age43,test name43
45,test address44,test age44,test name44
46,test address45,test age45,test name45
47,test address46,test age46,test name46
48,test address47,test age47,test name47
49,test address48,test age48,test name48
50,test address49,test age49,test name49
51,test address50,test age50,test name50
52,test address51,test age51,test name51
53,test address52,test age52,test name52
54,test address53,test age53,test name53
55,test address54,test age54,test name54
56,test address55,test age55,test name55
57,test address56,test age56,test name56
58,test address57,test age57,test name57
59,test address58,test age58,test name58
60,test address59,test age59,test name59
61,test address60,test age60,test name60
62,test address61,test age61,test name61
63,test address62,test age62,test name62
64,test address63,test age63,test name63
65,test address64,test age64,test name64
66,test address65,test age65,test name65
67,test address66,test age66,test name66
68,test address67,test age67,test name67
69,test address68,test age68,test name68
70,test address69,test age69,test name69
71,test address70,test age70,test name70
72,test address71,test age71,test name71
73,test address72,test age72,test name72
74,test address73,test age73,test name73
75,test address74,test age74,test name74
76,test address75,test age75,test name75
77,test address76,test age76,test name76
78,test address77,test age77,test name77
79,test address78,test age78,test name78
80,test address79,test age79,test name79
81,test address80,test age80,test name80
82,test address81,test age81,test name0
83,test address82,test age82,test name82
84,test address83,test age83,test name83
85,test address84,test age84,test name84
86,test address85,test age85,test name85
87,test address86,test age86,test name86
88,test address87,test age87,test name87
89,test address88,test age88,test name88
90,test address89,test age89,test name89
91,test address90,test age90,test name90
92,test address91,test age91,test name91
93,test address92,test age92,test name92
94,test address93,test age93,test name93
95,test address94,test age94,test name94
96,test address95,test age95,test name95
97,test address96,test age96,test name96
98,test address97,test age97,test name97
99,test address98,test age98,test name98
100,test address99,test age99,test name99